insert into Config (name, value) values ('doodleURL', 'http://doodle.com');

insert into Player (id, name, password, role) values (-1, 'anton', '14deb5e5e417133e888bf47bb6a3555c9bb7d81c', 'ADMIN');
insert into Player (id, name, password, role) values (-2, 'berta', '9185a8dda46e136016ef92d18680f5c2bcecbcbd', 'USER');
insert into Player (id, name, password, role) values (-3, 'christian', '2314b2e3a4a1f7db165be2aafbf1efd78f28cc97', 'USER');
insert into Player (id, name, password, role) values (-4, 'dieter', 'b617834f89be0c2a85d223f602f0a5edf9446141', 'USER');
insert into Player (id, name, password, role) values (-5, 'erik', 'c195b508e6f0c57aeafdb5e96947e2b79e6a4b40', 'USER');
insert into Player (id, name, password, role) values (-6, 'freddy', '5c8a7a129de8b649e9a0cbfbb7e9cec37a6efcb6', 'USER');
insert into Player (id, name, password, role) values (-7, 'gerd', '087ae13aa9024dd32f97adba60e0a79fd8442519', 'USER');
insert into Player (id, name, password, role) values (-8, 'hannes', '331be22c6b63ca3e0a03d408c2d906b1b02cd5f2', 'USER');


insert into Game (id, name, value) values (-1, 'Siedler', 'LARGE');
insert into Game (id, name, value) values (-2, 'Maracash', 'MEDIUM');
insert into Game (id, name, value) values (-3, 'Al Cabohne', 'SMALL');
insert into Game (id, name, value) values (-4, 'Orléons', 'LARGE');
insert into Game (id, name, value) values (-6, '6 Nimm', 'SMALL');
insert into Game (id, name, value) values (-7, 'Meyern', 'MEDIUM');
insert into Game (id, name, value) values (-8, 'Kuhhandel', 'SMALL');
insert into Game (id, name, value) values (-9, 'Schummerl Max', 'LARGE');
insert into Game (id, name, value) values (-10, 'Jule', 'LARGE');
insert into Game (id, name, value) values (-11, 'Civilization', 'MEDIUM');
insert into Game (id, name, value) values (-12, 'Doppelkopf', 'SMALL');
insert into Game (id, name, value) values (-13, 'Skat', 'LARGE');
insert into Game (id, name, value) values (-14, 'Air Hockey', 'LARGE');
insert into Game (id, name, value) values (-15, 'Tischtennis', 'MEDIUM');
insert into Game (id, name, value) values (-16, 'Fußball', 'SMALL');
insert into Game (id, name, value) values (-17, 'Eishockey', 'LARGE');
insert into Game (id, name, value) values (-18, 'Rugby', 'LARGE');
insert into Game (id, name, value) values (-19, 'Mau Mau', 'MEDIUM');
insert into Game (id, name, value) values (-20, '32 Heb auf', 'SMALL');
insert into Game (id, name, value) values (-21, 'Uno', 'LARGE');
insert into Game (id, name, value) values (-22, 'Kanaster', 'LARGE');
insert into Game (id, name, value) values (-23, 'Romme', 'MEDIUM');
insert into Game (id, name, value) values (-24, 'The Witcher', 'SMALL');
insert into Game (id, name, value) values (-25, 'The Game', 'LARGE');
insert into Game (id, name, value) values (-26, 'Anno', 'LARGE');
insert into Game (id, name, value) values (-27, 'Factorio', 'MEDIUM');
insert into Game (id, name, value) values (-28, 'Scotland Yard', 'SMALL');
insert into Game (id, name, value) values (-29, 'Ein weiteres Spiel', 'LARGE');
insert into Game (id, name, value) values (-30, 'Quartett', 'LARGE');

insert into Comment (id, game_id, player_id, comment) values (-1, -1, -1, 'Am besten mit Städte & Ritter Erweiterung');

insert into Round (id, date, game_id) values (-1, '2017-10-10', -1, 0);
insert into Round (id, date, game_id) values (-2, '2017-12-12', -2, 0);
insert into Round (id, date, game_id) values (-3, '2018-01-22', -3, 0);
insert into Round (id, date, game_id) values (-4, '2018-03-10', -4, 0);
insert into Round (id, date, game_id) values (-5, '2018-07-04', -2, 0);

insert into Rank (id, round_id, player_id, rank) values (-1, -1, -1, 1);
insert into Rank (id, round_id, player_id, rank) values (-2, -1, -2, 2);
insert into Rank (id, round_id, player_id, rank) values (-3, -1, -3, 3);
insert into Rank (id, round_id, player_id, rank) values (-4, -1, -4, 4);
insert into Rank (id, round_id, player_id, rank) values (-5, -2, -1, 4);
insert into Rank (id, round_id, player_id, rank) values (-6, -2, -2, 3);
insert into Rank (id, round_id, player_id, rank) values (-7, -2, -3, 2);
insert into Rank (id, round_id, player_id, rank) values (-8, -2, -4, 1);
insert into Rank (id, round_id, player_id, rank) values (-9, -3, -1, 2);
insert into Rank (id, round_id, player_id, rank) values (-10, -3, -2, 1);
insert into Rank (id, round_id, player_id, rank) values (-11, -3, -3, 2);
insert into Rank (id, round_id, player_id, rank) values (-12, -4, -1, 1);
insert into Rank (id, round_id, player_id, rank) values (-13, -4, -3, 1);
insert into Rank (id, round_id, player_id, rank) values (-14, -4, -5, 3);
insert into Rank (id, round_id, player_id, rank) values (-15, -4, -2, 4);
insert into Rank (id, round_id, player_id, rank) values (-16, -5, -6, 1);
insert into Rank (id, round_id, player_id, rank) values (-17, -5, -2, 1);
insert into Rank (id, round_id, player_id, rank) values (-18, -5, -5, 3);
insert into Rank (id, round_id, player_id, rank) values (-19, -5, -7, 3);
insert into Rank (id, round_id, player_id, rank) values (-20, -5, -8, 5);
